TransactionID;UserID;Amount;Status;CreatedAt
1;47;3881.75;completed;2026-03-19 17:36:59.187
2;89;94.54;completed;2026-03-15 17:36:59.187
3;94;9722.01;completed;2026-03-03 17:36:59.187
4;78;6892.49;completed;2026-03-18 17:36:59.187
5;75;5288.28;completed;2026-03-16 17:36:59.187
6;69;7904.47;completed;2026-03-22 17:36:59.187
7;56;7387.43;completed;2026-02-26 17:36:59.187
8;82;4376.56;pending;2026-03-25 17:36:59.187
9;64;9725.95;completed;2026-03-11 17:36:59.187
10;39;7131.68;completed;2026-03-03 17:36:59.187
11;52;3936.05;completed;2026-03-26 17:36:59.187
12;66;5245.81;pending;2026-03-17 17:36:59.187
13;59;4635.35;completed;2026-03-06 17:36:59.187
14;1;9751.71;completed;2026-03-25 17:36:59.187
15;43;3082.63;completed;2026-03-19 17:36:59.187
16;21;1428.85;failed;2026-02-28 17:36:59.187
17;72;9219.48;completed;2026-02-28 17:36:59.187
18;5;4220.14;completed;2026-03-17 17:36:59.187
19;37;4024.55;completed;2026-03-02 17:36:59.187
20;43;5593.29;failed;2026-03-20 17:36:59.187
21;84;3174.41;pending;2026-03-25 17:36:59.187
22;20;3478.95;completed;2026-03-19 17:36:59.187
23;55;1185.98;pending;2026-03-17 17:36:59.187
24;90;5931.71;completed;2026-03-08 17:36:59.187
25;16;4879.63;completed;2026-02-26 17:36:59.187
26;27;8040.16;pending;2026-02-25 17:36:59.187
27;25;4732.42;completed;2026-03-18 17:36:59.187
28;31;5261.79;completed;2026-03-26 17:36:59.187
29;87;6578.06;completed;2026-03-09 17:36:59.187
30;46;1150.80;completed;2026-03-16 17:36:59.187
31;42;7372.42;completed;2026-03-02 17:36:59.187
32;89;2178.33;completed;2026-03-01 17:36:59.187
33;9;5069.67;failed;2026-03-05 17:36:59.187
34;51;2617.38;completed;2026-03-20 17:36:59.187
35;71;3542.77;completed;2026-03-03 17:36:59.187
36;38;9271.96;completed;2026-03-20 17:36:59.187
37;36;627.08;failed;2026-03-19 17:36:59.187
38;35;6116.79;completed;2026-03-08 17:36:59.187
39;71;6565.86;completed;2026-03-13 17:36:59.187
40;12;1277.98;completed;2026-03-20 17:36:59.187
41;81;8237.63;completed;2026-03-24 17:36:59.187
42;40;3235.82;completed;2026-02-27 17:36:59.187
43;39;5174.28;completed;2026-03-09 17:36:59.187
44;37;6202.71;completed;2026-03-01 17:36:59.187
45;0;3373.19;pending;2026-03-02 17:36:59.187
46;19;4240.23;completed;2026-03-08 17:36:59.187
47;5;90.30;completed;2026-02-26 17:36:59.187
48;20;23.95;completed;2026-03-05 17:36:59.187
49;34;8950.60;completed;2026-03-17 17:36:59.187
50;38;2533.45;completed;2026-03-03 17:36:59.187
51;43;7355.33;completed;2026-03-04 17:36:59.187
52;4;6907.00;completed;2026-03-23 17:36:59.187
53;27;4986.60;failed;2026-02-25 17:36:59.187
54;73;1946.80;completed;2026-02-27 17:36:59.187
55;47;4750.92;completed;2026-03-24 17:36:59.187
56;67;1091.65;completed;2026-03-19 17:36:59.187
57;48;2803.25;completed;2026-03-12 17:36:59.187
58;6;3507.06;completed;2026-03-12 17:36:59.187
59;3;3551.88;completed;2026-02-28 17:36:59.187
60;99;1181.47;pending;2026-03-19 17:36:59.187
61;93;175.80;completed;2026-03-20 17:36:59.187
62;39;1577.22;completed;2026-03-19 17:36:59.187
63;99;2188.70;completed;2026-03-01 17:36:59.187
64;47;5150.77;completed;2026-03-05 17:36:59.187
65;45;7795.36;completed;2026-03-23 17:36:59.187
66;94;6863.51;completed;2026-03-18 17:36:59.187
67;32;6225.90;completed;2026-03-23 17:36:59.187
68;96;6988.48;completed;2026-03-01 17:36:59.187
69;63;1314.99;pending;2026-03-12 17:36:59.187
70;90;7573.65;pending;2026-03-24 17:36:59.187
71;41;6563.13;completed;2026-03-15 17:36:59.187
72;99;480.51;completed;2026-03-23 17:36:59.187
73;76;6857.40;completed;2026-03-11 17:36:59.187
74;21;3909.88;pending;2026-02-25 17:36:59.187
75;84;1270.02;pending;2026-03-24 17:36:59.187
76;52;4299.99;completed;2026-03-14 17:36:59.187
77;97;3135.80;completed;2026-03-01 17:36:59.187
78;99;1141.95;pending;2026-03-20 17:36:59.187
79;92;3079.44;completed;2026-03-03 17:36:59.187
80;17;1357.17;completed;2026-02-27 17:36:59.187
81;97;5981.18;completed;2026-03-21 17:36:59.187
82;64;2937.34;pending;2026-02-27 17:36:59.187
83;13;8136.02;completed;2026-03-10 17:36:59.187
84;45;8179.99;completed;2026-03-24 17:36:59.187
85;70;5083.42;completed;2026-03-01 17:36:59.187
86;14;8168.00;completed;2026-03-11 17:36:59.187
87;21;3971.85;pending;2026-03-26 17:36:59.187
88;14;1807.32;pending;2026-03-05 17:36:59.187
89;13;1557.32;pending;2026-03-16 17:36:59.187
90;94;2562.75;completed;2026-03-01 17:36:59.187
91;64;5443.30;completed;2026-03-19 17:36:59.187
92;50;4511.59;completed;2026-03-09 17:36:59.187
93;55;5506.34;completed;2026-03-19 17:36:59.187
94;42;6970.18;completed;2026-03-20 17:36:59.187
95;52;4420.64;completed;2026-03-14 17:36:59.187
96;23;9203.49;completed;2026-03-01 17:36:59.187
97;69;5128.70;failed;2026-03-26 17:36:59.187
98;59;3411.73;completed;2026-03-07 17:36:59.187
99;32;7230.33;completed;2026-03-22 17:36:59.187
100;89;3521.73;completed;2026-03-04 17:36:59.187
101;17;5941.96;completed;2026-03-13 17:36:59.187
102;37;8774.51;completed;2026-03-26 17:36:59.187
103;38;4113.17;completed;2026-03-09 17:36:59.187
104;92;8007.65;completed;2026-03-05 17:36:59.187
105;14;3251.44;pending;2026-03-15 17:36:59.187
106;91;9421.37;pending;2026-03-04 17:36:59.187
107;9;4406.20;pending;2026-03-07 17:36:59.187
108;21;4345.74;completed;2026-03-20 17:36:59.187
109;22;9335.87;pending;2026-02-28 17:36:59.187
110;34;7340.86;completed;2026-03-13 17:36:59.187
111;64;7307.44;completed;2026-03-20 17:36:59.187
112;85;7572.65;completed;2026-03-12 17:36:59.187
113;18;7774.85;completed;2026-03-12 17:36:59.187
114;17;3091.30;completed;2026-03-12 17:36:59.187
115;52;2170.04;completed;2026-03-13 17:36:59.187
116;74;89.98;pending;2026-02-28 17:36:59.187
117;29;8556.09;completed;2026-03-03 17:36:59.187
118;37;6847.80;completed;2026-02-27 17:36:59.187
119;88;5246.56;pending;2026-03-12 17:36:59.187
120;92;924.65;completed;2026-03-11 17:36:59.187
121;1;5723.80;completed;2026-03-19 17:36:59.187
122;21;8528.02;completed;2026-03-12 17:36:59.187
123;89;8758.64;completed;2026-03-26 17:36:59.187
124;9;9311.45;completed;2026-03-21 17:36:59.187
125;23;8456.47;completed;2026-03-06 17:36:59.187
126;28;7329.25;pending;2026-03-10 17:36:59.187
127;94;9706.14;pending;2026-03-13 17:36:59.187
128;61;6376.14;completed;2026-03-01 17:36:59.187
129;76;7125.27;completed;2026-03-08 17:36:59.187
130;39;294.19;completed;2026-03-04 17:36:59.187
131;65;9542.36;completed;2026-03-20 17:36:59.187
132;90;1938.55;pending;2026-03-09 17:36:59.187
133;60;6571.77;completed;2026-02-26 17:36:59.187
134;49;6893.59;failed;2026-03-25 17:36:59.187
135;33;4879.30;completed;2026-03-23 17:36:59.187
136;61;185.44;completed;2026-03-25 17:36:59.187
137;36;5319.81;completed;2026-03-01 17:36:59.187
138;96;6885.83;completed;2026-03-14 17:36:59.187
139;51;9359.38;completed;2026-03-10 17:36:59.187
140;8;6051.04;completed;2026-02-25 17:36:59.187
141;49;6314.50;completed;2026-02-26 17:36:59.187
142;89;2145.83;completed;2026-03-10 17:36:59.187
143;10;1704.51;pending;2026-03-11 17:36:59.187
144;41;4722.23;completed;2026-03-02 17:36:59.187
145;51;6761.20;completed;2026-03-03 17:36:59.187
146;70;8211.76;completed;2026-02-26 17:36:59.187
147;2;2108.88;completed;2026-03-15 17:36:59.187
148;38;310.33;pending;2026-02-28 17:36:59.187
149;19;596.78;pending;2026-03-17 17:36:59.187
150;97;625.87;completed;2026-03-06 17:36:59.187
151;0;2247.17;completed;2026-03-08 17:36:59.187
152;20;8932.66;completed;2026-03-19 17:36:59.187
153;71;424.37;completed;2026-02-26 17:36:59.187
154;91;901.53;pending;2026-02-25 17:36:59.187
155;59;5035.86;completed;2026-03-12 17:36:59.187
156;99;2423.42;completed;2026-03-18 17:36:59.187
157;64;6984.12;completed;2026-03-21 17:36:59.187
158;72;374.72;pending;2026-03-18 17:36:59.187
159;95;3612.55;completed;2026-03-06 17:36:59.187
160;62;5859.70;completed;2026-03-12 17:36:59.187
161;95;3554.40;pending;2026-03-05 17:36:59.187
162;52;4698.29;completed;2026-03-07 17:36:59.187
163;2;7796.55;completed;2026-03-05 17:36:59.187
164;9;8470.75;completed;2026-03-17 17:36:59.187
165;16;9086.91;failed;2026-03-20 17:36:59.187
166;70;770.54;completed;2026-03-24 17:36:59.187
167;86;9083.53;failed;2026-03-24 17:36:59.187
168;34;2590.02;completed;2026-03-04 17:36:59.187
169;3;3103.39;completed;2026-03-03 17:36:59.187
170;40;2973.64;completed;2026-03-21 17:36:59.187
171;23;1735.54;completed;2026-03-10 17:36:59.187
172;79;8237.40;completed;2026-02-25 17:36:59.187
173;35;1821.54;completed;2026-03-18 17:36:59.187
174;52;427.20;completed;2026-03-20 17:36:59.187
175;35;6753.39;pending;2026-02-27 17:36:59.187
176;44;3642.97;completed;2026-03-22 17:36:59.187
177;57;2284.49;completed;2026-03-21 17:36:59.187
178;54;2975.76;completed;2026-03-26 17:36:59.187
179;60;9990.57;pending;2026-03-12 17:36:59.187
180;4;8627.51;failed;2026-03-04 17:36:59.187
181;8;9771.85;completed;2026-03-10 17:36:59.187
182;81;4326.40;completed;2026-03-22 17:36:59.187
183;22;7409.08;completed;2026-03-23 17:36:59.187
184;53;1099.61;completed;2026-03-04 17:36:59.187
185;85;1800.64;pending;2026-03-14 17:36:59.187
186;6;2128.98;completed;2026-03-26 17:36:59.187
187;30;306.47;completed;2026-03-18 17:36:59.187
188;83;969.90;completed;2026-03-01 17:36:59.187
189;2;9600.66;pending;2026-02-27 17:36:59.187
190;75;1236.92;completed;2026-03-25 17:36:59.187
191;57;6783.66;completed;2026-02-25 17:36:59.187
192;47;7753.93;completed;2026-02-27 17:36:59.187
193;54;4330.01;completed;2026-03-24 17:36:59.187
194;28;3418.46;completed;2026-02-27 17:36:59.187
195;51;6541.76;completed;2026-03-22 17:36:59.187
196;38;7505.21;completed;2026-03-19 17:36:59.187
197;43;8389.80;completed;2026-03-08 17:36:59.187
198;41;1907.24;pending;2026-03-19 17:36:59.187
199;72;8007.49;completed;2026-03-01 17:36:59.187
200;68;274.99;completed;2026-03-24 17:36:59.187
201;54;1859.82;completed;2026-03-24 17:36:59.187
202;50;3717.94;completed;2026-03-10 17:36:59.187
203;78;8746.41;completed;2026-03-02 17:36:59.187
204;18;8049.64;failed;2026-02-28 17:36:59.187
205;11;7198.47;completed;2026-03-10 17:36:59.187
206;56;470.41;pending;2026-02-28 17:36:59.187
207;44;6270.36;completed;2026-03-09 17:36:59.187
208;53;1343.45;pending;2026-03-03 17:36:59.187
209;41;7135.49;completed;2026-02-26 17:36:59.187
210;5;1953.59;completed;2026-03-16 17:36:59.187
211;64;2505.03;completed;2026-03-13 17:36:59.187
212;28;6116.57;completed;2026-03-20 17:36:59.187
213;57;5842.26;completed;2026-03-23 17:36:59.187
214;31;2284.06;completed;2026-03-25 17:36:59.187
215;55;4985.53;completed;2026-03-19 17:36:59.187
216;89;2611.35;pending;2026-03-24 17:36:59.187
217;80;1527.23;completed;2026-03-03 17:36:59.187
218;26;8290.87;completed;2026-03-19 17:36:59.187
219;67;3765.36;pending;2026-03-01 17:36:59.187
220;48;5001.51;completed;2026-03-20 17:36:59.187
221;32;9740.16;completed;2026-03-05 17:36:59.187
222;68;6545.91;completed;2026-03-24 17:36:59.187
223;81;5025.51;failed;2026-02-28 17:36:59.187
224;12;1342.19;completed;2026-03-07 17:36:59.187
225;46;6880.29;completed;2026-03-26 17:36:59.187
226;94;1484.00;completed;2026-02-28 17:36:59.187
227;96;2626.45;completed;2026-02-28 17:36:59.187
228;5;9956.76;pending;2026-03-14 17:36:59.187
229;51;2203.62;completed;2026-03-11 17:36:59.187
230;45;4366.39;failed;2026-02-28 17:36:59.187
231;70;9717.61;completed;2026-03-13 17:36:59.187
232;7;8555.89;completed;2026-03-10 17:36:59.187
233;18;3484.32;completed;2026-03-03 17:36:59.187
234;0;8348.87;completed;2026-03-14 17:36:59.187
235;36;8025.74;pending;2026-03-09 17:36:59.187
236;76;3653.36;pending;2026-03-09 17:36:59.187
237;74;6416.35;completed;2026-03-01 17:36:59.187
238;66;2053.35;completed;2026-03-06 17:36:59.187
239;44;4933.29;pending;2026-03-06 17:36:59.187
240;1;2758.77;completed;2026-03-14 17:36:59.187
241;88;1774.51;pending;2026-03-14 17:36:59.187
242;70;4839.05;completed;2026-03-19 17:36:59.187
243;63;281.77;completed;2026-03-21 17:36:59.187
244;56;6586.80;completed;2026-03-21 17:36:59.187
245;2;1224.05;completed;2026-03-14 17:36:59.187
246;98;2480.24;completed;2026-03-22 17:36:59.187
247;31;7616.43;pending;2026-03-03 17:36:59.187
248;38;7757.29;completed;2026-03-24 17:36:59.187
249;56;6888.07;completed;2026-03-05 17:36:59.187
250;60;1051.51;completed;2026-03-01 17:36:59.187
251;43;9563.97;pending;2026-03-24 17:36:59.187
252;15;755.24;completed;2026-03-23 17:36:59.187
253;4;312.15;completed;2026-03-24 17:36:59.187
254;0;5466.56;completed;2026-03-03 17:36:59.187
255;63;4204.08;pending;2026-03-22 17:36:59.187
256;73;8423.69;completed;2026-03-23 17:36:59.187
257;52;9109.86;completed;2026-03-24 17:36:59.187
258;57;8782.13;completed;2026-03-09 17:36:59.187
259;6;7685.02;pending;2026-03-07 17:36:59.187
260;80;7470.45;pending;2026-03-01 17:36:59.187
261;60;6499.59;completed;2026-03-10 17:36:59.187
262;28;9027.00;completed;2026-03-18 17:36:59.187
263;97;3853.90;completed;2026-03-16 17:36:59.187
264;38;3.30;pending;2026-03-21 17:36:59.187
265;32;8337.25;pending;2026-03-20 17:36:59.187
266;67;4272.93;pending;2026-03-05 17:36:59.187
267;14;1209.14;completed;2026-03-06 17:36:59.187
268;48;585.51;completed;2026-03-21 17:36:59.187
269;20;6111.95;failed;2026-03-09 17:36:59.187
270;45;697.86;pending;2026-03-12 17:36:59.187
271;79;5438.40;completed;2026-03-16 17:36:59.187
272;36;3468.32;completed;2026-03-25 17:36:59.187
273;19;7395.37;completed;2026-02-26 17:36:59.187
274;18;6638.91;pending;2026-03-03 17:36:59.187
275;72;7868.60;completed;2026-03-24 17:36:59.187
276;15;1961.37;pending;2026-03-19 17:36:59.187
277;29;4428.17;pending;2026-03-02 17:36:59.187
278;50;3204.52;completed;2026-03-13 17:36:59.187
279;12;6900.21;completed;2026-02-26 17:36:59.187
280;56;2049.74;completed;2026-03-22 17:36:59.187
281;30;6619.20;completed;2026-03-23 17:36:59.187
282;47;9696.62;completed;2026-03-12 17:36:59.187
283;83;4143.14;pending;2026-03-14 17:36:59.187
284;61;2794.88;pending;2026-03-18 17:36:59.187
285;81;1123.76;pending;2026-03-13 17:36:59.187
286;49;3258.74;completed;2026-03-18 17:36:59.187
287;17;2049.52;completed;2026-03-08 17:36:59.187
288;31;3530.12;completed;2026-03-22 17:36:59.187
289;46;2682.74;completed;2026-03-03 17:36:59.187
290;42;8548.72;completed;2026-03-15 17:36:59.187
291;44;9947.14;completed;2026-03-03 17:36:59.187
292;12;8157.58;completed;2026-03-05 17:36:59.187
293;30;2416.96;completed;2026-03-09 17:36:59.187
294;26;5625.85;completed;2026-03-13 17:36:59.187
295;11;9904.41;completed;2026-03-03 17:36:59.187
296;87;93.61;completed;2026-03-23 17:36:59.187
297;79;2810.51;completed;2026-02-28 17:36:59.187
298;50;2663.80;completed;2026-03-16 17:36:59.187
299;20;3060.26;pending;2026-02-28 17:36:59.187
300;33;5481.93;completed;2026-03-08 17:36:59.187
301;0;7231.60;completed;2026-03-02 17:36:59.187
302;65;1857.29;completed;2026-02-28 17:36:59.187
303;71;3141.40;pending;2026-03-06 17:36:59.187
304;2;4172.45;completed;2026-02-28 17:36:59.187
305;48;6822.11;completed;2026-03-18 17:36:59.187
306;47;654.08;pending;2026-02-25 17:36:59.187
307;97;2832.26;pending;2026-03-12 17:36:59.187
308;82;2472.02;completed;2026-03-22 17:36:59.187
309;13;1196.41;completed;2026-03-19 17:36:59.187
310;27;2104.49;pending;2026-03-14 17:36:59.187
311;57;8680.23;completed;2026-03-20 17:36:59.187
312;25;9987.65;completed;2026-03-16 17:36:59.187
313;28;2431.85;completed;2026-03-26 17:36:59.187
314;94;2710.32;completed;2026-03-16 17:36:59.187
315;26;1232.35;pending;2026-03-12 17:36:59.187
316;39;7911.32;completed;2026-03-07 17:36:59.187
317;6;8165.84;completed;2026-03-08 17:36:59.187
318;99;8828.71;completed;2026-03-10 17:36:59.187
319;87;1712.11;completed;2026-03-26 17:36:59.187
320;62;106.04;completed;2026-03-14 17:36:59.187
321;74;2213.19;completed;2026-02-26 17:36:59.187
322;74;3283.67;completed;2026-03-21 17:36:59.187
323;6;8551.33;completed;2026-03-24 17:36:59.187
324;58;8434.17;completed;2026-03-10 17:36:59.187
325;43;4988.66;completed;2026-02-27 17:36:59.187
326;0;3037.93;pending;2026-03-01 17:36:59.187
327;21;6313.87;completed;2026-03-17 17:36:59.187
328;93;1282.89;pending;2026-02-28 17:36:59.187
329;11;985.28;failed;2026-02-27 17:36:59.187
330;56;2258.76;completed;2026-03-23 17:36:59.187
331;12;733.27;pending;2026-03-19 17:36:59.187
332;48;7999.68;completed;2026-03-14 17:36:59.187
333;44;5278.99;completed;2026-03-16 17:36:59.187
334;92;8546.53;completed;2026-02-26 17:36:59.187
335;37;7386.75;pending;2026-03-18 17:36:59.187
336;80;9434.14;failed;2026-03-09 17:36:59.187
337;54;8465.11;completed;2026-03-07 17:36:59.187
338;9;232.48;pending;2026-03-20 17:36:59.187
339;73;1682.25;failed;2026-03-01 17:36:59.187
340;68;5344.96;completed;2026-03-11 17:36:59.187
341;32;3499.28;completed;2026-03-22 17:36:59.187
342;82;5882.00;pending;2026-03-15 17:36:59.187
343;24;7472.47;completed;2026-03-20 17:36:59.187
344;59;7012.51;completed;2026-03-03 17:36:59.187
345;11;4777.98;completed;2026-02-26 17:36:59.187
346;41;5392.16;completed;2026-03-19 17:36:59.187
347;71;4068.92;completed;2026-03-16 17:36:59.187
348;35;5905.08;pending;2026-03-12 17:36:59.187
349;49;3872.77;failed;2026-03-02 17:36:59.187
350;13;931.23;completed;2026-03-05 17:36:59.187
351;24;4221.38;completed;2026-03-06 17:36:59.187
352;60;6821.65;completed;2026-03-06 17:36:59.187
353;17;3917.78;completed;2026-03-16 17:36:59.187
354;9;1636.76;completed;2026-03-03 17:36:59.187
355;17;7531.19;completed;2026-02-26 17:36:59.187
356;95;7356.19;completed;2026-03-25 17:36:59.187
357;52;3512.98;completed;2026-03-22 17:36:59.187
358;86;7079.27;pending;2026-02-28 17:36:59.187
359;18;490.62;completed;2026-03-22 17:36:59.187
360;13;1152.49;completed;2026-03-10 17:36:59.187
361;55;2059.21;completed;2026-03-12 17:36:59.187
362;20;4296.00;completed;2026-03-17 17:36:59.187
363;0;5176.11;completed;2026-02-28 17:36:59.187
364;18;9843.23;completed;2026-03-12 17:36:59.187
365;63;4972.09;completed;2026-03-01 17:36:59.187
366;64;9616.30;completed;2026-03-02 17:36:59.187
367;96;8391.07;failed;2026-03-26 17:36:59.187
368;30;7312.29;pending;2026-03-02 17:36:59.187
369;49;1719.69;completed;2026-03-26 17:36:59.187
370;71;101.12;completed;2026-03-26 17:36:59.187
371;28;3816.15;completed;2026-03-25 17:36:59.187
372;79;4488.42;completed;2026-03-02 17:36:59.187
373;27;7461.89;completed;2026-03-22 17:36:59.187
374;19;4917.54;completed;2026-03-19 17:36:59.187
375;33;6428.91;pending;2026-03-24 17:36:59.187
376;36;298.12;completed;2026-03-05 17:36:59.187
377;23;4318.25;completed;2026-03-25 17:36:59.187
378;45;8105.48;completed;2026-03-20 17:36:59.187
379;36;6909.51;pending;2026-03-13 17:36:59.187
380;20;9465.21;completed;2026-03-14 17:36:59.187
381;30;3540.68;pending;2026-03-07 17:36:59.187
382;38;4534.45;completed;2026-03-22 17:36:59.187
383;37;3654.13;completed;2026-03-06 17:36:59.187
384;88;2741.95;pending;2026-03-04 17:36:59.187
385;76;8878.16;completed;2026-03-23 17:36:59.187
386;70;3185.85;completed;2026-03-05 17:36:59.187
387;12;8407.72;completed;2026-03-07 17:36:59.187
388;86;1949.40;completed;2026-03-15 17:36:59.187
389;76;143.40;completed;2026-02-27 17:36:59.187
390;24;3049.86;pending;2026-03-06 17:36:59.187
391;58;2513.97;completed;2026-03-06 17:36:59.187
392;62;7006.89;completed;2026-03-15 17:36:59.187
393;4;4567.16;pending;2026-03-10 17:36:59.187
394;25;4003.05;completed;2026-03-12 17:36:59.187
395;38;3008.11;pending;2026-03-08 17:36:59.187
396;59;8053.35;completed;2026-03-25 17:36:59.187
397;86;328.96;completed;2026-03-04 17:36:59.187
398;3;464.06;completed;2026-03-08 17:36:59.187
399;14;1919.03;completed;2026-03-05 17:36:59.187
400;61;9291.75;pending;2026-03-23 17:36:59.187
401;30;9730.33;completed;2026-03-11 17:36:59.187
402;38;2189.79;completed;2026-03-25 17:36:59.187
403;23;2205.56;completed;2026-03-12 17:36:59.187
404;92;5981.35;completed;2026-03-15 17:36:59.187
405;83;2751.65;completed;2026-03-16 17:36:59.187
406;80;4740.52;completed;2026-03-19 17:36:59.187
407;36;9546.71;completed;2026-03-09 17:36:59.187
408;74;4748.23;failed;2026-03-10 17:36:59.187
409;34;7133.88;completed;2026-03-26 17:36:59.187
410;59;5956.67;completed;2026-03-08 17:36:59.187
411;41;2957.08;completed;2026-03-19 17:36:59.187
412;16;5198.10;completed;2026-03-08 17:36:59.187
413;44;2323.42;pending;2026-03-18 17:36:59.187
414;26;9807.82;completed;2026-03-08 17:36:59.187
415;74;4612.34;completed;2026-03-06 17:36:59.187
416;92;9933.08;pending;2026-03-05 17:36:59.187
417;34;5689.65;completed;2026-03-23 17:36:59.187
418;32;1542.08;completed;2026-03-11 17:36:59.187
419;13;2795.06;completed;2026-03-03 17:36:59.187
420;65;4907.32;completed;2026-03-18 17:36:59.187
421;56;323.21;pending;2026-03-17 17:36:59.187
422;15;2744.92;completed;2026-03-25 17:36:59.187
423;9;9881.97;completed;2026-03-24 17:36:59.187
424;60;5248.84;completed;2026-03-26 17:36:59.187
425;68;1999.28;completed;2026-03-14 17:36:59.187
426;20;8390.67;completed;2026-02-27 17:36:59.187
427;14;5858.88;completed;2026-03-03 17:36:59.187
428;4;5311.38;completed;2026-03-03 17:36:59.187
429;54;5045.66;completed;2026-03-19 17:36:59.187
430;84;6318.31;failed;2026-03-24 17:36:59.187
431;16;8159.19;completed;2026-03-26 17:36:59.187
432;27;6287.23;completed;2026-03-10 17:36:59.187
433;18;701.67;completed;2026-03-15 17:36:59.187
434;78;2468.84;pending;2026-03-19 17:36:59.187
435;25;4179.85;completed;2026-03-26 17:36:59.187
436;1;8832.60;completed;2026-03-15 17:36:59.187
437;42;3042.62;completed;2026-03-07 17:36:59.187
438;92;7130.11;pending;2026-03-11 17:36:59.187
439;9;9924.19;completed;2026-02-25 17:36:59.187
440;66;6508.12;completed;2026-03-10 17:36:59.187
441;38;5375.01;pending;2026-03-01 17:36:59.187
442;17;3992.86;completed;2026-03-20 17:36:59.187
443;25;7589.28;completed;2026-03-13 17:36:59.187
444;5;6306.63;completed;2026-03-09 17:36:59.187
445;41;3447.75;completed;2026-03-03 17:36:59.187
446;39;4146.33;pending;2026-03-03 17:36:59.187
447;39;9811.42;pending;2026-03-16 17:36:59.187
448;58;6342.65;completed;2026-02-25 17:36:59.187
449;1;1387.96;completed;2026-03-16 17:36:59.187
450;84;8101.43;completed;2026-03-07 17:36:59.187
451;7;4157.91;completed;2026-03-23 17:36:59.187
452;81;603.09;completed;2026-03-08 17:36:59.187
453;68;4015.48;completed;2026-02-28 17:36:59.187
454;64;8037.13;completed;2026-03-17 17:36:59.187
455;90;9937.62;pending;2026-02-25 17:36:59.187
456;45;662.16;completed;2026-02-27 17:36:59.187
457;22;9723.91;pending;2026-03-26 17:36:59.187
458;21;6378.04;completed;2026-03-20 17:36:59.187
459;72;1877.87;completed;2026-03-04 17:36:59.187
460;9;9452.34;pending;2026-03-07 17:36:59.187
461;2;7529.08;pending;2026-03-14 17:36:59.187
462;5;6204.93;pending;2026-03-24 17:36:59.187
463;91;9332.88;pending;2026-02-25 17:36:59.187
464;79;5570.62;completed;2026-03-20 17:36:59.187
465;6;9251.46;pending;2026-03-12 17:36:59.187
466;53;1436.52;pending;2026-03-13 17:36:59.187
467;13;6853.45;completed;2026-03-10 17:36:59.187
468;53;9715.85;completed;2026-03-03 17:36:59.187
469;24;2321.47;completed;2026-03-13 17:36:59.187
470;64;7546.42;pending;2026-02-28 17:36:59.187
471;84;4513.24;pending;2026-02-28 17:36:59.187
472;77;5914.82;completed;2026-03-18 17:36:59.187
473;35;9781.38;completed;2026-03-08 17:36:59.187
474;81;9044.65;pending;2026-03-06 17:36:59.187
475;71;5509.19;completed;2026-03-19 17:36:59.187
476;74;3825.49;pending;2026-03-05 17:36:59.187
477;10;7733.34;completed;2026-03-14 17:36:59.187
478;9;7028.46;pending;2026-03-11 17:36:59.187
479;67;7978.26;pending;2026-03-10 17:36:59.187
480;53;3939.10;completed;2026-03-14 17:36:59.187
481;11;2079.32;pending;2026-02-27 17:36:59.187
482;70;5275.97;pending;2026-03-11 17:36:59.187
483;81;1610.66;pending;2026-03-01 17:36:59.187
484;78;1080.53;pending;2026-03-06 17:36:59.187
485;1;6121.60;completed;2026-03-06 17:36:59.187
486;19;8848.48;completed;2026-03-03 17:36:59.187
487;86;8736.10;pending;2026-03-14 17:36:59.187
488;89;9071.23;completed;2026-03-18 17:36:59.187
489;60;2035.71;completed;2026-03-02 17:36:59.187
490;40;4239.75;completed;2026-03-26 17:36:59.187
491;30;6276.71;completed;2026-02-25 17:36:59.187
492;49;5316.71;completed;2026-03-08 17:36:59.187
493;34;2534.20;pending;2026-03-06 17:36:59.187
494;52;1724.15;pending;2026-03-22 17:36:59.187
495;85;1231.70;completed;2026-03-16 17:36:59.187
496;12;1552.21;completed;2026-03-15 17:36:59.187
497;40;9210.65;pending;2026-02-27 17:36:59.187
498;86;9370.34;completed;2026-03-03 17:36:59.187
499;92;301.07;completed;2026-02-27 17:36:59.187
500;5;7488.58;pending;2026-03-20 17:36:59.187
501;66;3363.01;completed;2026-02-25 17:36:59.187
502;8;3360.55;completed;2026-03-09 17:36:59.187
503;80;3718.39;completed;2026-03-11 17:36:59.187
504;1;448.99;pending;2026-03-12 17:36:59.187
505;17;5322.89;completed;2026-03-10 17:36:59.187
506;80;2322.58;completed;2026-03-25 17:36:59.187
507;18;7468.14;failed;2026-03-03 17:36:59.187
508;59;1570.77;completed;2026-03-17 17:36:59.187
509;12;7599.57;completed;2026-03-08 17:36:59.187
510;5;8557.56;pending;2026-03-23 17:36:59.187
511;14;8928.76;completed;2026-03-13 17:36:59.187
512;17;2222.40;completed;2026-03-11 17:36:59.187
513;50;4975.82;completed;2026-03-15 17:36:59.187
514;61;9830.48;completed;2026-03-22 17:36:59.187
515;67;2456.65;pending;2026-03-08 17:36:59.187
516;34;5896.50;pending;2026-03-10 17:36:59.187
517;26;6964.59;completed;2026-02-28 17:36:59.187
518;16;4574.37;pending;2026-03-25 17:36:59.187
519;97;8889.89;completed;2026-03-04 17:36:59.187
520;69;8613.97;completed;2026-03-01 17:36:59.187
521;12;3577.37;pending;2026-03-01 17:36:59.187
522;69;1043.03;completed;2026-03-13 17:36:59.187
523;55;3590.77;completed;2026-03-19 17:36:59.187
524;62;381.32;completed;2026-03-24 17:36:59.187
525;38;7421.70;pending;2026-03-14 17:36:59.187
526;82;4644.21;pending;2026-03-23 17:36:59.187
527;61;9555.39;completed;2026-02-25 17:36:59.187
528;14;1935.77;completed;2026-03-18 17:36:59.187
529;64;9211.53;completed;2026-03-26 17:36:59.187
530;17;7200.55;completed;2026-03-25 17:36:59.187
531;36;374.94;completed;2026-02-28 17:36:59.187
532;31;7077.30;completed;2026-03-11 17:36:59.187
533;88;3059.23;completed;2026-03-11 17:36:59.187
534;38;1079.45;pending;2026-03-04 17:36:59.187
535;18;1568.22;completed;2026-03-08 17:36:59.187
536;49;6435.89;completed;2026-02-25 17:36:59.187
537;24;3794.56;completed;2026-03-15 17:36:59.187
538;29;7159.53;pending;2026-03-10 17:36:59.187
539;30;9829.09;completed;2026-03-09 17:36:59.187
540;93;7662.64;completed;2026-03-15 17:36:59.187
541;23;3317.89;completed;2026-03-10 17:36:59.187
542;75;2448.10;completed;2026-03-02 17:36:59.187
543;26;3568.08;completed;2026-02-28 17:36:59.187
544;78;1946.38;pending;2026-03-04 17:36:59.187
545;18;4066.01;completed;2026-03-06 17:36:59.187
546;44;9411.09;pending;2026-03-02 17:36:59.187
547;70;5730.93;completed;2026-03-11 17:36:59.187
548;13;1571.59;completed;2026-03-22 17:36:59.187
549;75;848.71;pending;2026-03-03 17:36:59.187
550;30;9163.84;completed;2026-02-26 17:36:59.187
551;37;9291.57;completed;2026-02-28 17:36:59.187
552;73;4510.45;pending;2026-03-19 17:36:59.187
553;73;4638.48;completed;2026-02-28 17:36:59.187
554;83;2836.79;completed;2026-02-28 17:36:59.187
555;36;9976.83;pending;2026-03-22 17:36:59.187
556;9;3273.11;completed;2026-03-15 17:36:59.187
557;15;8164.30;completed;2026-03-11 17:36:59.187
558;84;3382.06;pending;2026-03-16 17:36:59.187
559;88;7840.45;pending;2026-03-09 17:36:59.187
560;89;2236.09;pending;2026-03-08 17:36:59.187
561;28;8337.49;completed;2026-03-10 17:36:59.187
562;47;1914.53;completed;2026-03-22 17:36:59.187
563;86;24.28;completed;2026-03-19 17:36:59.187
564;41;9274.92;completed;2026-02-25 17:36:59.187
565;84;2367.45;completed;2026-03-07 17:36:59.187
566;83;7292.07;completed;2026-03-04 17:36:59.187
567;84;3110.07;failed;2026-03-08 17:36:59.187
568;20;7489.74;completed;2026-03-06 17:36:59.187
569;13;1176.47;completed;2026-03-11 17:36:59.187
570;32;998.09;pending;2026-02-28 17:36:59.187
571;81;5312.56;completed;2026-03-17 17:36:59.187
572;26;8363.74;completed;2026-02-27 17:36:59.187
573;45;9422.21;pending;2026-03-04 17:36:59.187
574;14;7686.60;completed;2026-03-24 17:36:59.187
575;53;1612.32;completed;2026-03-01 17:36:59.187
576;47;2336.22;completed;2026-03-18 17:36:59.187
577;28;8372.82;pending;2026-03-18 17:36:59.187
578;2;8107.12;completed;2026-03-16 17:36:59.187
579;96;2838.91;completed;2026-03-03 17:36:59.187
580;44;5088.24;pending;2026-03-04 17:36:59.187
581;89;4067.94;completed;2026-03-12 17:36:59.187
582;48;7604.50;completed;2026-02-26 17:36:59.187
583;91;8047.25;completed;2026-03-13 17:36:59.187
584;94;9763.98;completed;2026-03-02 17:36:59.187
585;21;1480.78;completed;2026-03-05 17:36:59.187
586;84;2774.31;completed;2026-03-26 17:36:59.187
587;35;1832.28;completed;2026-03-24 17:36:59.187
588;69;607.97;pending;2026-02-26 17:36:59.187
589;36;5506.05;pending;2026-03-15 17:36:59.187
590;95;98.54;completed;2026-03-01 17:36:59.187
591;83;3799.23;completed;2026-03-18 17:36:59.187
592;86;3169.46;completed;2026-02-26 17:36:59.187
593;27;8646.40;pending;2026-03-20 17:36:59.187
594;49;1695.35;completed;2026-03-05 17:36:59.187
595;19;474.73;pending;2026-03-04 17:36:59.187
596;87;5140.79;completed;2026-03-13 17:36:59.187
597;82;8487.88;pending;2026-03-06 17:36:59.187
598;8;5023.81;completed;2026-03-07 17:36:59.187
599;41;1501.10;completed;2026-03-02 17:36:59.187
600;53;9121.40;completed;2026-03-11 17:36:59.187
601;67;5843.96;completed;2026-03-05 17:36:59.187
602;4;8874.59;completed;2026-03-19 17:36:59.187
603;15;4748.06;completed;2026-02-28 17:36:59.187
604;32;2250.06;completed;2026-03-25 17:36:59.187
605;32;717.93;pending;2026-03-14 17:36:59.187
606;78;8822.73;completed;2026-03-22 17:36:59.187
607;18;5153.29;completed;2026-02-27 17:36:59.187
608;15;2791.93;completed;2026-03-02 17:36:59.187
609;38;9495.96;completed;2026-03-04 17:36:59.187
610;61;3032.96;completed;2026-03-11 17:36:59.187
611;18;3015.87;pending;2026-03-02 17:36:59.187
612;77;5300.74;completed;2026-03-18 17:36:59.187
613;16;2170.01;completed;2026-03-12 17:36:59.187
614;91;6548.17;completed;2026-03-10 17:36:59.187
615;41;8866.84;failed;2026-03-07 17:36:59.187
616;74;1507.73;pending;2026-03-11 17:36:59.187
617;53;7094.44;completed;2026-03-12 17:36:59.187
618;93;6215.71;completed;2026-02-26 17:36:59.187
619;45;7354.05;failed;2026-03-26 17:36:59.187
620;58;4227.04;completed;2026-02-28 17:36:59.187
621;9;4096.99;completed;2026-02-26 17:36:59.187
622;70;305.04;completed;2026-03-15 17:36:59.187
623;63;3929.05;completed;2026-03-17 17:36:59.187
624;70;6166.43;completed;2026-03-10 17:36:59.187
625;21;5855.97;pending;2026-03-15 17:36:59.187
626;37;5932.78;pending;2026-02-28 17:36:59.187
627;87;1400.10;completed;2026-03-13 17:36:59.187
628;87;9758.98;completed;2026-03-26 17:36:59.187
629;84;2647.60;pending;2026-03-10 17:36:59.187
630;87;3836.42;completed;2026-03-25 17:36:59.187
631;5;3950.85;completed;2026-03-10 17:36:59.187
632;72;4092.75;pending;2026-03-13 17:36:59.187
633;0;40.09;completed;2026-03-22 17:36:59.187
634;52;6033.15;pending;2026-03-03 17:36:59.187
635;21;3305.67;failed;2026-03-01 17:36:59.187
636;30;452.59;pending;2026-03-10 17:36:59.187
637;55;7563.43;failed;2026-03-11 17:36:59.187
638;51;7173.57;pending;2026-03-20 17:36:59.187
639;84;8465.71;completed;2026-03-20 17:36:59.187
640;45;7153.78;completed;2026-02-27 17:36:59.187
641;23;8482.40;pending;2026-03-04 17:36:59.187
642;26;6392.10;pending;2026-03-21 17:36:59.187
643;72;2790.43;completed;2026-03-26 17:36:59.187
644;2;7402.64;pending;2026-03-25 17:36:59.187
645;38;7139.83;completed;2026-03-08 17:36:59.187
646;15;1636.40;pending;2026-02-25 17:36:59.187
647;84;4840.16;pending;2026-03-26 17:36:59.187
648;35;8541.37;pending;2026-03-24 17:36:59.187
649;25;3932.73;completed;2026-03-09 17:36:59.187
650;86;8045.07;pending;2026-03-10 17:36:59.187
651;35;7632.37;completed;2026-02-26 17:36:59.187
652;82;9241.32;pending;2026-03-03 17:36:59.187
653;48;3159.89;completed;2026-03-05 17:36:59.187
654;12;7562.11;completed;2026-03-08 17:36:59.187
655;99;1853.33;completed;2026-03-17 17:36:59.187
656;15;3546.28;completed;2026-03-19 17:36:59.187
657;99;1598.40;completed;2026-03-17 17:36:59.187
658;87;3772.66;pending;2026-03-22 17:36:59.187
659;46;6738.90;pending;2026-03-01 17:36:59.187
660;16;1600.84;pending;2026-02-27 17:36:59.187
661;31;4874.70;completed;2026-03-20 17:36:59.187
662;93;9619.36;completed;2026-03-24 17:36:59.187
663;33;6067.87;completed;2026-03-20 17:36:59.187
664;91;1085.02;completed;2026-03-04 17:36:59.187
665;63;8949.70;pending;2026-03-13 17:36:59.187
666;60;386.19;pending;2026-03-13 17:36:59.187
667;92;7069.70;completed;2026-03-02 17:36:59.187
668;25;6089.03;pending;2026-03-16 17:36:59.187
669;88;4045.74;completed;2026-03-23 17:36:59.187
670;11;5410.84;pending;2026-03-04 17:36:59.187
671;91;9919.81;completed;2026-03-03 17:36:59.187
672;83;8092.86;pending;2026-03-12 17:36:59.187
673;33;5878.79;completed;2026-03-10 17:36:59.187
674;98;7823.31;completed;2026-02-25 17:36:59.187
675;71;9443.39;completed;2026-03-08 17:36:59.187
676;83;8975.69;pending;2026-02-26 17:36:59.187
677;84;3880.94;completed;2026-03-21 17:36:59.187
678;73;5033.38;pending;2026-03-17 17:36:59.187
679;68;4370.85;completed;2026-03-04 17:36:59.187
680;67;4623.40;completed;2026-03-12 17:36:59.187
681;57;7474.83;completed;2026-03-02 17:36:59.187
682;4;1022.16;completed;2026-03-09 17:36:59.187
683;99;8909.11;completed;2026-02-28 17:36:59.187
684;46;833.54;completed;2026-03-13 17:36:59.187
685;96;1341.02;completed;2026-03-24 17:36:59.187
686;3;4566.13;completed;2026-03-01 17:36:59.187
687;50;1487.54;completed;2026-03-13 17:36:59.187
688;47;3796.89;completed;2026-03-20 17:36:59.187
689;0;8389.67;pending;2026-03-15 17:36:59.187
690;57;9131.87;completed;2026-02-26 17:36:59.187
691;76;276.63;completed;2026-03-24 17:36:59.187
692;41;1706.38;pending;2026-03-21 17:36:59.187
693;36;7113.43;pending;2026-03-26 17:36:59.187
694;37;6081.49;completed;2026-03-25 17:36:59.187
695;34;9273.32;completed;2026-03-17 17:36:59.187
696;68;5053.84;pending;2026-03-13 17:36:59.187
697;87;3539.00;pending;2026-03-16 17:36:59.187
698;97;258.48;completed;2026-03-26 17:36:59.187
699;85;1826.40;pending;2026-02-25 17:36:59.187
700;32;7425.48;pending;2026-02-28 17:36:59.187
701;43;8030.52;completed;2026-03-26 17:36:59.187
702;48;140.30;pending;2026-03-02 17:36:59.187
703;69;7450.00;completed;2026-03-01 17:36:59.187
704;60;3095.31;pending;2026-03-09 17:36:59.187
705;89;9560.80;completed;2026-03-18 17:36:59.187
706;82;4211.93;completed;2026-03-12 17:36:59.187
707;54;7382.94;completed;2026-03-17 17:36:59.187
708;97;5661.29;completed;2026-03-15 17:36:59.187
709;57;7020.81;completed;2026-03-25 17:36:59.187
710;58;3544.65;pending;2026-03-09 17:36:59.187
711;17;6948.41;pending;2026-03-25 17:36:59.187
712;10;6189.01;completed;2026-03-01 17:36:59.187
713;58;3755.55;completed;2026-03-25 17:36:59.187
714;28;4827.92;completed;2026-02-28 17:36:59.187
715;31;8307.43;completed;2026-03-11 17:36:59.187
716;79;3522.30;pending;2026-03-19 17:36:59.187
717;21;182.91;completed;2026-03-15 17:36:59.187
718;81;7351.20;pending;2026-03-10 17:36:59.187
719;4;6494.45;pending;2026-03-18 17:36:59.187
720;88;7917.70;completed;2026-03-04 17:36:59.187
721;62;2360.68;completed;2026-03-21 17:36:59.187
722;44;9778.24;completed;2026-03-16 17:36:59.187
723;57;6112.97;completed;2026-03-22 17:36:59.187
724;12;2321.75;pending;2026-03-26 17:36:59.187
725;90;9320.31;pending;2026-02-28 17:36:59.187
726;32;3096.53;completed;2026-03-02 17:36:59.187
727;0;2996.94;completed;2026-03-19 17:36:59.187
728;90;4157.46;completed;2026-02-27 17:36:59.187
729;92;7541.84;pending;2026-03-05 17:36:59.187
730;46;8606.33;completed;2026-03-05 17:36:59.187
731;92;8997.57;completed;2026-03-20 17:36:59.187
732;13;2783.79;completed;2026-03-12 17:36:59.187
733;85;339.18;completed;2026-03-26 17:36:59.187
734;5;4704.81;completed;2026-03-01 17:36:59.187
735;76;6241.66;completed;2026-02-25 17:36:59.187
736;32;9247.06;completed;2026-03-03 17:36:59.187
737;20;6311.97;completed;2026-03-11 17:36:59.187
738;43;3787.41;completed;2026-03-25 17:36:59.187
739;1;4775.74;pending;2026-03-21 17:36:59.187
740;39;233.64;completed;2026-03-22 17:36:59.187
741;7;7911.19;completed;2026-03-07 17:36:59.187
742;28;6314.42;pending;2026-02-25 17:36:59.187
743;60;1391.80;pending;2026-03-09 17:36:59.187
744;62;9222.13;completed;2026-03-10 17:36:59.187
745;10;7544.28;completed;2026-03-25 17:36:59.187
746;25;837.36;completed;2026-03-17 17:36:59.187
747;23;9278.27;pending;2026-03-19 17:36:59.187
748;67;1646.71;completed;2026-03-23 17:36:59.187
749;62;2049.85;completed;2026-03-24 17:36:59.187
750;65;8673.35;completed;2026-03-22 17:36:59.187
751;18;2275.88;completed;2026-03-02 17:36:59.187
752;95;5256.54;pending;2026-03-14 17:36:59.187
753;28;1509.98;completed;2026-03-24 17:36:59.187
754;14;8267.76;pending;2026-02-25 17:36:59.187
755;63;3054.41;failed;2026-03-02 17:36:59.187
756;36;845.85;completed;2026-03-26 17:36:59.187
757;36;4607.52;completed;2026-03-17 17:36:59.187
758;67;2150.40;completed;2026-03-12 17:36:59.187
759;98;4375.80;completed;2026-03-21 17:36:59.187
760;70;1828.35;completed;2026-03-25 17:36:59.187
761;47;6221.56;pending;2026-03-05 17:36:59.187
762;40;9376.57;completed;2026-03-11 17:36:59.187
763;94;7854.46;completed;2026-03-06 17:36:59.187
764;6;9815.87;completed;2026-03-23 17:36:59.187
765;48;6964.39;pending;2026-03-08 17:36:59.187
766;76;8963.91;pending;2026-03-22 17:36:59.187
767;24;5977.00;completed;2026-03-01 17:36:59.187
768;59;5112.63;completed;2026-03-17 17:36:59.187
769;98;4311.46;completed;2026-03-18 17:36:59.187
770;86;7804.90;completed;2026-03-15 17:36:59.187
771;10;5672.62;completed;2026-02-25 17:36:59.187
772;11;7127.67;completed;2026-03-05 17:36:59.187
773;54;7815.67;pending;2026-03-10 17:36:59.187
774;19;9263.42;pending;2026-03-11 17:36:59.187
775;21;4571.74;completed;2026-03-07 17:36:59.187
776;12;7825.98;completed;2026-03-03 17:36:59.187
777;66;7238.98;completed;2026-02-28 17:36:59.187
778;75;8734.16;completed;2026-03-08 17:36:59.187
779;74;766.34;completed;2026-03-06 17:36:59.187
780;19;4177.52;completed;2026-03-20 17:36:59.187
781;14;1036.33;completed;2026-02-26 17:36:59.187
782;94;7236.94;completed;2026-03-15 17:36:59.187
783;64;2953.38;completed;2026-03-18 17:36:59.187
784;32;9121.33;completed;2026-03-20 17:36:59.187
785;26;6199.18;completed;2026-03-25 17:36:59.187
786;67;6983.98;completed;2026-02-28 17:36:59.187
787;35;2230.71;pending;2026-03-08 17:36:59.187
788;99;7353.24;pending;2026-03-13 17:36:59.187
789;82;8257.93;completed;2026-03-13 17:36:59.187
790;65;8989.44;completed;2026-03-13 17:36:59.187
791;66;7208.70;pending;2026-03-04 17:36:59.187
792;48;269.66;completed;2026-03-25 17:36:59.187
793;7;9257.52;completed;2026-03-13 17:36:59.187
794;48;7529.08;completed;2026-03-16 17:36:59.187
795;19;9875.50;completed;2026-03-02 17:36:59.187
796;2;8137.25;pending;2026-02-28 17:36:59.187
797;78;9966.68;completed;2026-03-10 17:36:59.187
798;58;9025.13;completed;2026-03-11 17:36:59.187
799;77;9613.69;completed;2026-03-14 17:36:59.187
800;74;9390.17;completed;2026-03-07 17:36:59.187
801;50;2202.43;completed;2026-03-04 17:36:59.187
802;47;5787.18;completed;2026-03-03 17:36:59.187
803;53;5158.65;pending;2026-03-24 17:36:59.187
804;33;2230.54;completed;2026-02-26 17:36:59.187
805;59;1114.03;completed;2026-03-21 17:36:59.187
806;1;4739.26;completed;2026-03-18 17:36:59.187
807;34;6973.21;completed;2026-03-06 17:36:59.187
808;51;5898.92;completed;2026-03-26 17:36:59.187
809;52;6598.72;pending;2026-03-06 17:36:59.187
810;98;1002.24;completed;2026-03-06 17:36:59.187
811;20;8992.92;completed;2026-03-07 17:36:59.187
812;20;2807.93;completed;2026-03-26 17:36:59.187
813;95;9574.26;completed;2026-03-12 17:36:59.187
814;38;3639.51;pending;2026-03-24 17:36:59.187
815;69;3697.17;completed;2026-03-13 17:36:59.187
816;98;879.80;failed;2026-03-05 17:36:59.187
817;17;3256.31;completed;2026-03-16 17:36:59.187
818;43;9065.12;pending;2026-03-17 17:36:59.187
819;31;1305.16;pending;2026-03-22 17:36:59.187
820;0;3613.90;pending;2026-03-11 17:36:59.187
821;82;8791.65;completed;2026-03-21 17:36:59.187
822;52;8484.00;pending;2026-03-12 17:36:59.187
823;38;8552.04;completed;2026-03-17 17:36:59.187
824;6;2131.81;pending;2026-03-02 17:36:59.187
825;20;2925.37;pending;2026-03-22 17:36:59.187
826;55;3471.29;completed;2026-03-04 17:36:59.187
827;97;350.46;pending;2026-02-25 17:36:59.187
828;51;8759.92;pending;2026-02-25 17:36:59.187
829;80;9053.24;completed;2026-03-14 17:36:59.187
830;71;8587.15;completed;2026-03-16 17:36:59.187
831;59;7837.96;completed;2026-03-11 17:36:59.187
832;29;8196.85;completed;2026-03-18 17:36:59.187
833;38;5785.48;completed;2026-02-26 17:36:59.187
834;48;6843.13;completed;2026-03-08 17:36:59.187
835;8;8699.87;completed;2026-03-25 17:36:59.187
836;97;8255.84;pending;2026-03-10 17:36:59.187
837;26;1167.48;completed;2026-03-04 17:36:59.187
838;43;6912.75;completed;2026-03-17 17:36:59.187
839;62;6662.76;completed;2026-03-05 17:36:59.187
840;63;2355.70;completed;2026-03-09 17:36:59.187
841;86;7944.98;completed;2026-03-06 17:36:59.187
842;88;3735.61;completed;2026-03-22 17:36:59.187
843;96;5423.68;pending;2026-03-01 17:36:59.187
844;29;8830.13;failed;2026-03-12 17:36:59.187
845;23;532.02;pending;2026-03-09 17:36:59.187
846;17;9418.98;completed;2026-02-25 17:36:59.187
847;99;6466.34;completed;2026-03-19 17:36:59.187
848;54;7582.72;pending;2026-03-20 17:36:59.187
849;62;9865.78;pending;2026-02-26 17:36:59.187
850;18;1149.13;completed;2026-03-17 17:36:59.187
851;19;5433.97;completed;2026-03-18 17:36:59.187
852;78;9942.99;pending;2026-03-11 17:36:59.187
853;85;8707.70;completed;2026-03-23 17:36:59.187
854;22;1251.19;completed;2026-03-07 17:36:59.187
855;5;2546.89;completed;2026-03-16 17:36:59.187
856;42;2251.08;completed;2026-03-18 17:36:59.187
857;45;9121.45;completed;2026-03-26 17:36:59.187
858;27;9921.00;pending;2026-03-11 17:36:59.187
859;30;6305.77;completed;2026-03-16 17:36:59.187
860;81;778.62;pending;2026-03-16 17:36:59.187
861;54;6756.70;completed;2026-03-22 17:36:59.187
862;6;9451.91;completed;2026-03-06 17:36:59.187
863;98;6950.22;completed;2026-03-05 17:36:59.187
864;7;8511.93;pending;2026-03-01 17:36:59.187
865;86;3745.97;pending;2026-03-06 17:36:59.187
866;19;1376.74;pending;2026-03-06 17:36:59.187
867;27;9751.38;pending;2026-03-26 17:36:59.187
868;72;8448.56;completed;2026-02-25 17:36:59.187
869;38;9517.44;failed;2026-03-03 17:36:59.187
870;54;8079.15;completed;2026-03-18 17:36:59.187
871;89;832.64;completed;2026-03-13 17:36:59.187
872;34;3934.65;pending;2026-03-19 17:36:59.187
873;82;9076.44;completed;2026-03-22 17:36:59.187
874;42;1630.56;completed;2026-03-05 17:36:59.187
875;4;5268.33;pending;2026-02-27 17:36:59.187
876;71;3684.42;completed;2026-03-13 17:36:59.187
877;76;9371.46;completed;2026-02-26 17:36:59.187
878;70;8065.06;completed;2026-03-10 17:36:59.187
879;10;9791.59;pending;2026-03-01 17:36:59.187
880;33;4581.58;completed;2026-02-25 17:36:59.187
881;1;9501.52;completed;2026-03-11 17:36:59.187
882;98;9355.35;completed;2026-03-21 17:36:59.187
883;92;4623.40;completed;2026-03-18 17:36:59.187
884;69;4539.43;completed;2026-03-10 17:36:59.187
885;2;4393.00;completed;2026-03-26 17:36:59.187
886;49;2558.32;pending;2026-03-11 17:36:59.187
887;99;2039.47;completed;2026-03-07 17:36:59.187
888;43;5603.97;pending;2026-03-16 17:36:59.187
889;96;2492.31;completed;2026-02-27 17:36:59.187
890;25;2917.25;completed;2026-02-26 17:36:59.187
891;19;1807.46;completed;2026-03-04 17:36:59.187
892;10;6057.99;completed;2026-03-09 17:36:59.187
893;47;2934.50;completed;2026-03-21 17:36:59.187
894;77;9013.17;completed;2026-03-20 17:36:59.187
895;10;2780.24;completed;2026-03-18 17:36:59.187
896;89;3146.32;completed;2026-03-02 17:36:59.187
897;8;3657.60;completed;2026-03-12 17:36:59.187
898;91;5241.58;completed;2026-03-20 17:36:59.187
899;10;5822.88;completed;2026-02-27 17:36:59.187
900;47;3907.55;pending;2026-03-17 17:36:59.187
901;56;5400.70;completed;2026-03-08 17:36:59.187
902;77;8317.75;completed;2026-03-01 17:36:59.187
903;5;1585.80;completed;2026-03-17 17:36:59.187
904;15;3242.04;completed;2026-02-28 17:36:59.187
905;4;7252.29;completed;2026-03-03 17:36:59.187
906;84;8577.52;completed;2026-03-12 17:36:59.187
907;42;2371.03;pending;2026-03-06 17:36:59.187
908;86;8023.38;completed;2026-03-26 17:36:59.187
909;14;8270.81;pending;2026-03-21 17:36:59.187
910;99;9880.76;completed;2026-03-10 17:36:59.187
911;62;6244.90;pending;2026-03-10 17:36:59.187
912;9;4996.84;completed;2026-03-08 17:36:59.187
913;66;3756.46;pending;2026-03-01 17:36:59.187
914;46;3221.14;completed;2026-02-27 17:36:59.187
915;65;719.75;pending;2026-03-15 17:36:59.187
916;95;8122.88;completed;2026-03-26 17:36:59.187
917;22;3648.26;failed;2026-03-11 17:36:59.187
918;5;5000.74;completed;2026-03-22 17:36:59.187
919;54;2538.13;pending;2026-03-20 17:36:59.187
920;34;8647.14;completed;2026-02-26 17:36:59.187
921;82;6692.25;completed;2026-03-26 17:36:59.187
922;13;5708.88;completed;2026-03-23 17:36:59.187
923;75;1107.45;completed;2026-03-25 17:36:59.187
924;10;4153.75;completed;2026-03-01 17:36:59.187
925;99;139.90;completed;2026-03-11 17:36:59.187
926;45;8578.21;completed;2026-03-10 17:36:59.187
927;65;4969.60;pending;2026-03-17 17:36:59.187
928;64;8367.89;completed;2026-03-03 17:36:59.187
929;25;4283.43;completed;2026-03-03 17:36:59.187
930;23;2649.00;completed;2026-02-27 17:36:59.187
931;35;752.75;completed;2026-03-02 17:36:59.187
932;2;3592.66;completed;2026-03-02 17:36:59.187
933;24;3421.83;pending;2026-03-08 17:36:59.187
934;14;17.60;pending;2026-03-25 17:36:59.187
935;7;5647.06;completed;2026-03-18 17:36:59.187
936;96;5757.02;completed;2026-02-25 17:36:59.187
937;6;2384.55;completed;2026-03-05 17:36:59.187
938;69;3955.16;pending;2026-03-04 17:36:59.187
939;47;1018.40;completed;2026-03-12 17:36:59.187
940;33;2200.38;completed;2026-03-19 17:36:59.187
941;92;9209.73;pending;2026-03-04 17:36:59.187
942;60;8827.97;pending;2026-03-24 17:36:59.187
943;1;5848.12;completed;2026-03-09 17:36:59.187
944;3;4257.28;completed;2026-02-28 17:36:59.187
945;60;7399.38;completed;2026-03-06 17:36:59.187
946;23;2034.04;completed;2026-02-26 17:36:59.187
947;76;1405.17;completed;2026-03-11 17:36:59.187
948;57;3196.37;completed;2026-03-09 17:36:59.187
949;19;6146.08;completed;2026-03-20 17:36:59.187
950;57;3461.71;pending;2026-03-03 17:36:59.187
951;97;2165.54;completed;2026-03-21 17:36:59.187
952;5;8767.54;completed;2026-02-28 17:36:59.187
953;1;6618.54;completed;2026-03-07 17:36:59.187
954;23;1769.89;completed;2026-03-08 17:36:59.187
955;58;8880.07;failed;2026-03-20 17:36:59.187
956;43;679.32;completed;2026-03-05 17:36:59.187
957;69;2481.22;completed;2026-03-03 17:36:59.187
958;64;342.63;completed;2026-02-27 17:36:59.187
959;8;8235.22;completed;2026-03-10 17:36:59.187
960;20;5056.70;pending;2026-03-15 17:36:59.187
961;74;9356.31;completed;2026-03-09 17:36:59.187
962;24;3060.18;pending;2026-03-20 17:36:59.187
963;75;3264.20;completed;2026-03-17 17:36:59.187
964;51;933.62;completed;2026-03-23 17:36:59.187
965;18;4249.74;completed;2026-03-23 17:36:59.187
966;73;4703.16;pending;2026-03-03 17:36:59.187
967;54;8410.87;completed;2026-03-03 17:36:59.187
968;23;454.33;completed;2026-03-15 17:36:59.187
969;28;3965.41;completed;2026-03-11 17:36:59.187
970;9;2748.74;pending;2026-03-10 17:36:59.187
971;19;2166.69;pending;2026-03-10 17:36:59.187
972;72;3439.65;completed;2026-03-07 17:36:59.187
973;51;143.47;pending;2026-03-04 17:36:59.187
974;51;1283.26;completed;2026-03-24 17:36:59.187
975;78;874.38;completed;2026-03-13 17:36:59.187
976;43;2056.45;completed;2026-03-03 17:36:59.187
977;45;2954.03;completed;2026-03-20 17:36:59.187
978;82;7308.27;completed;2026-03-19 17:36:59.187
979;93;4935.73;completed;2026-03-17 17:36:59.187
980;48;892.85;completed;2026-03-17 17:36:59.187
981;56;766.91;completed;2026-03-01 17:36:59.187
982;3;624.72;completed;2026-03-15 17:36:59.187
983;38;4587.32;pending;2026-03-22 17:36:59.187
984;70;4583.83;completed;2026-03-16 17:36:59.187
985;80;5952.48;pending;2026-02-26 17:36:59.187
986;89;511.19;completed;2026-03-17 17:36:59.187
987;63;966.38;completed;2026-03-03 17:36:59.187
988;63;1192.90;completed;2026-03-25 17:36:59.187
989;87;1796.68;completed;2026-03-14 17:36:59.187
990;5;4811.77;pending;2026-03-14 17:36:59.187
991;83;3697.06;pending;2026-03-11 17:36:59.187
992;36;3058.37;pending;2026-03-18 17:36:59.187
993;77;591.60;completed;2026-03-05 17:36:59.187
994;23;3344.15;completed;2026-03-19 17:36:59.187
995;90;2959.83;completed;2026-02-27 17:36:59.187
996;36;9843.99;pending;2026-03-26 17:36:59.187
997;19;3177.44;completed;2026-03-03 17:36:59.187
998;50;9469.78;pending;2026-03-07 17:36:59.187
999;5;2287.41;completed;2026-03-24 17:36:59.187
1000;99;1963.79;pending;2026-03-10 17:36:59.187
1001;1;8000.00;completed;2026-03-26 17:36:59.247
1002;2;10000.00;completed;2026-03-26 17:36:59.247
1003;3;12000.00;completed;2026-03-26 17:36:59.247
